SAMP_SITE_NAME,SAMP_DATE_TIME,STD_VALUE_RPTD,REVIEW_QUALIFIER,COLLECTION_PURPOSE_DESC,LAB_CODE,SAMP_DATE
199-H3-2A,2014-03-19 12:48:00,2.0,,"Routine (i.e., repetitive)",WSCF,2014-03-19
199-H3-2A,2014-06-20 11:38:00,8.0,,"Routine (i.e., repetitive)",TARL,2014-06-20
199-H3-2A,2014-09-05 12:44:00,8.0,,"Routine (i.e., repetitive)",TARL,2014-09-05
199-H3-2A,2014-12-12 11:34:00,1.5,,"Routine (i.e., repetitive)",TARL,2014-12-12
199-H3-2A,2014-12-12 11:34:00,1.5,,"Routine (i.e., repetitive)",TARL,2014-12-12
199-H3-2A,2015-03-13 13:56:00,1.5,,"Routine (i.e., repetitive)",TARL,2015-03-13
199-H3-2A,2015-03-13 13:56:00,1.5,,"Routine (i.e., repetitive)",TARL,2015-03-13
199-H3-2A,2015-05-29 12:58:00,1.5,,"Routine (i.e., repetitive)",TARL,2015-05-29
199-H3-2A,2015-05-29 12:58:00,1.6,,"Routine (i.e., repetitive)",TARL,2015-05-29
199-H3-2A,2015-09-18 13:43:00,1.5,,"Routine (i.e., repetitive)",TARL,2015-09-18
199-H3-2A,2015-09-18 13:43:00,1.5,,"Routine (i.e., repetitive)",TARL,2015-09-18
199-H3-2A,2015-12-03 12:14:00,1.5,,"Routine (i.e., repetitive)",TARL,2015-12-03
199-H3-2A,2015-12-03 12:14:00,1.5,,"Routine (i.e., repetitive)",TARL,2015-12-03
199-H3-2A,2016-03-16 14:32:00,1.5,,"Routine (i.e., repetitive)",TARL,2016-03-16
199-H3-2A,2016-03-16 14:32:00,1.5,,"Routine (i.e., repetitive)",TARL,2016-03-16
199-H3-2A,2016-06-15 13:19:00,1.5,,"Routine (i.e., repetitive)",TARL,2016-06-15
199-H3-2A,2016-06-15 13:19:00,1.5,,"Routine (i.e., repetitive)",TARL,2016-06-15
199-H3-2A,2016-11-16 09:46:00,5.3,,"Routine (i.e., repetitive)",TARL,2016-11-16
199-H3-2A,2016-11-16 09:46:00,5.7,,"Routine (i.e., repetitive)",TARL,2016-11-16
199-H3-2A,2017-11-03 13:06:00,2.1,,"Routine (i.e., repetitive)",TARL,2017-11-03
199-H3-2A,2017-11-03 13:06:00,1.7,,"Routine (i.e., repetitive)",TARL,2017-11-03
199-H3-2A,2018-10-30 10:16:00,4.0,,"Routine (i.e., repetitive)",TARL,2018-10-30
199-H3-2A,2018-10-30 10:16:00,3.3,,"Routine (i.e., repetitive)",TARL,2018-10-30
199-H3-2A,2019-11-01 11:56:00,1.3,,"Routine (i.e., repetitive)",GEL,2019-11-01
199-H3-2A,2020-12-18 11:34:00,3.63,,"Routine (i.e., repetitive)",RJ LEE,2020-12-18
199-H3-25,2014-01-02 13:00:00,9.0,,In Process,FIELD,2014-01-02
199-H3-25,2015-06-29 10:00:00,4.0,,In Process,FIELD,2015-06-29
199-H3-25,2015-07-06 09:30:00,1.0,,In Process,FIELD,2015-07-06
199-H3-25,2015-08-03 09:30:00,5.0,,In Process,FIELD,2015-08-03
199-H3-25,2015-09-08 08:30:00,7.0,,In Process,FIELD,2015-09-08
199-H3-25,2015-10-05 08:30:00,21.0,,In Process,FIELD,2015-10-05
199-H3-25,2015-11-02 09:00:00,7.0,,In Process,FIELD,2015-11-02
199-H3-25,2015-12-01 08:30:00,8.0,,In Process,FIELD,2015-12-01
199-H3-25,2016-01-04 08:00:00,10.0,,In Process,FIELD,2016-01-04
199-H3-25,2016-02-01 07:45:00,11.0,,In Process,FIELD,2016-02-01
199-H3-25,2016-03-01 08:30:00,13.0,,In Process,FIELD,2016-03-01
199-H3-25,2016-04-05 09:30:00,13.0,,In Process,FIELD,2016-04-05
199-H3-25,2016-05-02 09:00:00,8.0,,In Process,FIELD,2016-05-02
199-H3-25,2016-06-13 09:30:00,14.0,,In Process,FIELD,2016-06-13
199-H3-25,2016-07-05 08:00:00,22.0,,In Process,FIELD,2016-07-05
199-H3-25,2016-08-01 09:00:00,14.0,,In Process,FIELD,2016-08-01
199-H3-25,2016-09-07 07:30:00,18.0,,In Process,FIELD,2016-09-07
199-H3-25,2016-09-20 11:15:00,12.0,,"Routine (i.e., repetitive)",TARL,2016-09-20
199-H3-25,2016-09-20 11:15:00,12.0,,"Routine (i.e., repetitive)",TARL,2016-09-20
199-H3-25,2016-10-03 08:00:00,14.0,,In Process,FIELD,2016-10-03
199-H3-25,2016-11-01 09:30:00,12.0,,In Process,FIELD,2016-11-01
199-H3-25,2016-12-07 09:30:00,14.0,,In Process,FIELD,2016-12-07
199-H3-25,2017-01-03 13:10:00,15.0,,"Routine (i.e., repetitive)",TARL,2017-01-03
199-H3-25,2017-01-03 13:10:00,17.0,,"Routine (i.e., repetitive)",TARL,2017-01-03
199-H3-25,2017-01-04 09:00:00,13.0,,In Process,FIELD,2017-01-04
199-H3-25,2017-02-01 09:00:00,2.0,,In Process,FIELD,2017-02-01
199-H3-25,2017-03-01 08:30:00,11.0,,In Process,FIELD,2017-03-01
199-H3-25,2017-03-22 12:53:00,8.9,A,"Routine (i.e., repetitive)",TARL,2017-03-22
199-H3-25,2017-03-22 12:53:00,8.3,A,"Routine (i.e., repetitive)",TARL,2017-03-22
199-H3-25,2017-04-04 09:30:00,9.0,,In Process,FIELD,2017-04-04
199-H3-25,2017-05-01 12:30:00,7.0,,In Process,FIELD,2017-05-01
199-H3-25,2017-06-07 09:00:00,1.0,,In Process,FIELD,2017-06-07
199-H3-25,2017-06-08 11:04:00,3.3,,"Routine (i.e., repetitive)",TARL,2017-06-08
199-H3-25,2017-06-08 11:04:00,3.5,,"Routine (i.e., repetitive)",TARL,2017-06-08
199-H3-25,2017-07-06 08:00:00,10.0,,In Process,FIELD,2017-07-06
199-H3-25,2017-08-01 13:45:00,4.0,,In Process,FIELD,2017-08-01
199-H3-25,2017-09-06 13:00:00,12.0,,In Process,FIELD,2017-09-06
199-H3-25,2017-09-28 11:06:00,14.0,,"Routine (i.e., repetitive)",TARL,2017-09-28
199-H3-25,2017-09-28 11:06:00,14.0,,"Routine (i.e., repetitive)",TARL,2017-09-28
199-H3-25,2017-10-03 13:30:00,17.0,,In Process,FIELD,2017-10-03
199-H3-25,2017-11-02 08:00:00,4.0,,In Process,FIELD,2017-11-02
199-H3-25,2017-12-04 13:00:00,13.0,,In Process,FIELD,2017-12-04
199-H3-25,2017-12-11 11:39:00,9.7,,"Routine (i.e., repetitive)",TARL,2017-12-11
199-H3-25,2017-12-11 11:39:00,9.9,,"Routine (i.e., repetitive)",TARL,2017-12-11
199-H3-25,2018-01-03 08:30:00,10.0,,In Process,FIELD,2018-01-03
199-H3-25,2018-02-01 08:00:00,15.0,,In Process,FIELD,2018-02-01
199-H3-25,2018-03-06 08:45:00,6.0,,In Process,FIELD,2018-03-06
199-H3-25,2018-03-14 10:15:00,7.3,,"Routine (i.e., repetitive)",TARL,2018-03-14
199-H3-25,2018-03-14 10:15:00,8.0,,"Routine (i.e., repetitive)",TARL,2018-03-14
199-H3-25,2018-04-04 08:10:00,10.0,,In Process,FIELD,2018-04-04
199-H3-25,2018-05-07 08:10:00,9.0,,In Process,FIELD,2018-05-07
199-H3-25,2018-06-06 10:00:00,11.0,,In Process,FIELD,2018-06-06
199-H3-25,2018-07-09 12:00:00,4.9,,"Routine (i.e., repetitive)",TARL,2018-07-09
199-H3-25,2018-07-09 12:00:00,5.2,,"Routine (i.e., repetitive)",TARL,2018-07-09
199-H3-25,2018-07-10 11:30:00,11.0,,In Process,FIELD,2018-07-10
199-H3-25,2018-08-13 12:30:00,6.0,,In Process,FIELD,2018-08-13
199-H3-25,2018-09-05 09:00:00,10.0,,In Process,FIELD,2018-09-05
199-H3-25,2018-09-19 10:08:00,6.4,,"Routine (i.e., repetitive)",TARL,2018-09-19
199-H3-25,2018-09-19 10:08:00,6.2,,"Routine (i.e., repetitive)",TARL,2018-09-19
199-H3-25,2018-10-01 09:25:00,11.0,,In Process,FIELD,2018-10-01
199-H3-25,2018-11-06 12:00:00,17.0,,In Process,FIELD,2018-11-06
199-H3-25,2018-12-11 10:20:00,9.0,,"Routine (i.e., repetitive)",TARL,2018-12-11
199-H3-25,2018-12-11 10:20:00,9.2,,"Routine (i.e., repetitive)",TARL,2018-12-11
199-H3-25,2018-12-12 08:00:00,13.0,,In Process,FIELD,2018-12-12
199-H3-25,2019-01-02 14:15:00,9.0,,In Process,FIELD,2019-01-02
199-H3-25,2019-08-26 09:30:00,7.0,,In Process,FIELD,2019-08-26
199-H3-25,2019-09-11 09:00:00,6.22,H,"Routine (i.e., repetitive)",GEL,2019-09-11
199-H3-25,2019-10-10 08:05:00,8.0,,In Process,FIELD,2019-10-10
199-H3-25,2019-11-05 08:05:00,8.0,,In Process,FIELD,2019-11-05
199-H3-25,2019-12-04 09:50:00,8.0,,In Process,FIELD,2019-12-04
199-H3-25,2019-12-11 10:38:00,8.12,HQ,"Routine (i.e., repetitive)",GEL,2019-12-11
199-H3-25,2020-01-07 13:25:00,4.0,,In Process,FIELD,2020-01-07
199-H3-25,2020-02-19 09:00:00,4.0,,In Process,FIELD,2020-02-19
199-H3-25,2020-03-12 09:15:00,7.26,,"Routine (i.e., repetitive)",GEL,2020-03-12
199-H3-25,2020-07-23 10:30:00,9.0,,In Process,FIELD,2020-07-23
199-H3-25,2020-08-18 09:15:00,8.0,,In Process,FIELD,2020-08-18
199-H3-25,2020-09-22 07:30:00,7.0,,In Process,FIELD,2020-09-22
199-H3-25,2020-10-07 09:02:00,8.52,H,"Routine (i.e., repetitive)",GEL,2020-10-07
199-H3-25,2020-10-20 08:30:00,10.0,,In Process,FIELD,2020-10-20
199-H3-25,2020-11-17 09:00:00,14.0,,In Process,FIELD,2020-11-17
199-H3-25,2020-12-15 11:00:00,6.87,,"Routine (i.e., repetitive)",GEL,2020-12-15
199-H3-25,2021-01-27 09:00:00,9.0,,In Process,FIELD,2021-01-27
199-H3-25,2021-02-25 08:30:00,8.0,,In Process,FIELD,2021-02-25
199-H3-25,2021-03-16 07:30:00,13.0,,Samples collected prior to acceptance of well (post-development),FIELD,2021-03-16
199-H3-25,2021-03-22 09:50:00,7.43,H,"Routine (i.e., repetitive)",GEL,2021-03-22
199-H3-25,2021-04-05 01:38:00,10.0,,In Process,FIELD,2021-04-05
199-H3-25,2021-06-23 11:26:00,8.41,,"Routine (i.e., repetitive)",RJ LEE,2021-06-23
199-H3-25,2021-06-28 08:47:00,12.0,,In Process,FIELD,2021-06-28
199-H3-25,2021-07-07 09:52:00,12.0,,In Process,FIELD,2021-07-07
199-H3-26,2014-01-02 13:00:00,28.0,,In Process,FIELD,2014-01-02
199-H3-26,2015-06-29 10:00:00,17.0,,In Process,FIELD,2015-06-29
199-H3-26,2015-07-06 09:30:00,0.0,,In Process,FIELD,2015-07-06
199-H3-26,2015-08-03 09:30:00,2.0,,In Process,FIELD,2015-08-03
199-H3-26,2015-09-08 08:30:00,3.0,,In Process,FIELD,2015-09-08
199-H3-26,2016-05-04 07:30:00,5.0,,In Process,FIELD,2016-05-04
199-H3-26,2016-06-13 09:30:00,5.0,,In Process,FIELD,2016-06-13
199-H3-26,2016-07-05 08:00:00,9.0,,In Process,FIELD,2016-07-05
199-H3-26,2016-08-01 09:00:00,9.0,,In Process,FIELD,2016-08-01
199-H3-26,2016-09-07 07:30:00,17.0,,In Process,FIELD,2016-09-07
199-H3-26,2017-03-01 08:30:00,3.0,,In Process,FIELD,2017-03-01
199-H3-26,2017-03-22 12:33:00,7.1,A,"Routine (i.e., repetitive)",TARL,2017-03-22
199-H3-26,2017-03-22 12:33:00,6.5,A,"Routine (i.e., repetitive)",TARL,2017-03-22
199-H3-26,2017-04-04 09:30:00,6.0,,In Process,FIELD,2017-04-04
199-H3-26,2017-05-01 12:30:00,8.0,,In Process,FIELD,2017-05-01
199-H3-26,2017-06-07 09:00:00,0.0,,In Process,FIELD,2017-06-07
199-H3-26,2017-06-08 10:49:00,2.1,,"Routine (i.e., repetitive)",TARL,2017-06-08
199-H3-26,2017-06-08 10:49:00,2.3,,"Routine (i.e., repetitive)",TARL,2017-06-08
199-H3-26,2017-07-06 08:00:00,8.0,,In Process,FIELD,2017-07-06
199-H3-26,2017-08-01 13:45:00,5.0,,In Process,FIELD,2017-08-01
199-H3-26,2017-09-06 13:00:00,9.0,,In Process,FIELD,2017-09-06
199-H3-26,2017-09-28 10:52:00,7.9,,"Routine (i.e., repetitive)",TARL,2017-09-28
199-H3-26,2017-09-28 10:52:00,7.9,,"Routine (i.e., repetitive)",TARL,2017-09-28
199-H3-26,2018-04-04 08:10:00,6.0,,In Process,FIELD,2018-04-04
199-H3-26,2018-04-17 09:00:00,3.6,,"Routine (i.e., repetitive)",TARL,2018-04-17
199-H3-26,2018-04-17 09:00:00,3.4,,"Routine (i.e., repetitive)",TARL,2018-04-17
199-H3-26,2018-05-07 08:10:00,5.0,,In Process,FIELD,2018-05-07
199-H3-26,2018-06-06 10:00:00,4.0,,In Process,FIELD,2018-06-06
199-H3-26,2018-07-09 11:46:00,2.7,,"Routine (i.e., repetitive)",TARL,2018-07-09
199-H3-26,2018-07-09 11:46:00,2.1,,"Routine (i.e., repetitive)",TARL,2018-07-09
199-H3-26,2018-07-10 11:00:00,4.0,,In Process,FIELD,2018-07-10
199-H3-26,2018-08-13 12:30:00,5.0,,In Process,FIELD,2018-08-13
199-H3-26,2018-09-05 09:00:00,3.0,,In Process,FIELD,2018-09-05
199-H3-26,2018-09-19 09:58:00,4.9,,"Routine (i.e., repetitive)",TARL,2018-09-19
199-H3-26,2018-09-19 09:58:00,4.6,,"Routine (i.e., repetitive)",TARL,2018-09-19
199-H3-26,2018-10-01 09:25:00,9.0,,In Process,FIELD,2018-10-01
199-H3-26,2018-11-06 12:00:00,13.0,,In Process,FIELD,2018-11-06
199-H3-26,2018-12-11 10:10:00,4.8,,"Routine (i.e., repetitive)",TARL,2018-12-11
199-H3-26,2018-12-11 10:10:00,5.0,,"Routine (i.e., repetitive)",TARL,2018-12-11
199-H3-26,2018-12-12 08:00:00,7.0,,In Process,FIELD,2018-12-12
199-H3-26,2019-01-02 14:15:00,5.0,,In Process,FIELD,2019-01-02
199-H3-26,2019-02-27 09:44:00,0.0,,In Process,FIELD,2019-02-27
199-H3-26,2019-03-07 10:04:00,8.4,H,"Routine (i.e., repetitive)",TASL,2019-03-07
199-H3-26,2019-03-07 10:04:00,5.77,,"Routine (i.e., repetitive)",GEL,2019-03-07
199-H3-26,2019-03-11 13:50:00,4.0,,In Process,FIELD,2019-03-11
199-H3-26,2019-04-17 13:06:00,4.0,,In Process,FIELD,2019-04-17
199-H3-26,2019-05-20 09:03:00,6.0,,In Process,FIELD,2019-05-20
199-H3-26,2019-06-12 13:30:00,5.0,,In Process,FIELD,2019-06-12
199-H3-26,2019-06-26 08:50:00,5.86,H,"Routine (i.e., repetitive)",GEL,2019-06-26
199-H3-26,2019-07-11 09:00:00,5.0,,In Process,FIELD,2019-07-11
199-H3-26,2020-07-23 10:30:00,1.0,,In Process,FIELD,2020-07-23
199-H3-26,2020-08-18 09:15:00,7.0,,In Process,FIELD,2020-08-18
199-H3-26,2020-09-22 07:30:00,2.0,,In Process,FIELD,2020-09-22
199-H3-26,2020-10-07 09:09:00,5.66,H,"Routine (i.e., repetitive)",GEL,2020-10-07
199-H3-26,2020-10-20 08:30:00,13.0,,In Process,FIELD,2020-10-20
199-H4-4,2014-01-02 13:00:00,23.0,,In Process,FIELD,2014-01-02
199-H4-4,2014-01-29 11:06:00,8.4,,"Routine (i.e., repetitive)",WSCF,2014-01-29
199-H4-4,2014-02-03 10:35:00,23.0,,In Process,FIELD,2014-02-03
199-H4-4,2014-04-01 12:00:00,9.0,,In Process,FIELD,2014-04-01
199-H4-4,2014-05-12 13:15:00,1.0,,In Process,FIELD,2014-05-12
199-H4-4,2014-06-04 12:30:00,1.0,,In Process,FIELD,2014-06-04
199-H4-4,2014-06-05 10:43:00,8.0,,"Routine (i.e., repetitive)",TARL,2014-06-05
199-H4-4,2014-07-02 08:30:00,1.0,,In Process,FIELD,2014-07-02
199-H4-4,2014-08-05 08:30:00,7.0,,In Process,FIELD,2014-08-05
199-H4-4,2015-01-06 13:00:00,6.0,,In Process,FIELD,2015-01-06
199-H4-4,2015-02-04 10:00:00,5.0,,In Process,FIELD,2015-02-04
199-H4-4,2015-02-24 13:00:00,2.2,,"Routine (i.e., repetitive)",TARL,2015-02-24
199-H4-4,2015-02-24 13:00:00,2.0,,"Routine (i.e., repetitive)",TARL,2015-02-24
199-H4-4,2015-03-04 09:00:00,1.0,,In Process,FIELD,2015-03-04
199-H4-4,2015-04-02 08:30:00,1.0,,In Process,FIELD,2015-04-02
199-H4-4,2015-05-04 09:00:00,5.0,,In Process,FIELD,2015-05-04
199-H4-4,2015-06-04 07:30:00,3.0,,In Process,FIELD,2015-06-04
199-H4-4,2015-06-10 09:06:00,5.9,,"Routine (i.e., repetitive)",TARL,2015-06-10
199-H4-4,2015-06-10 09:06:00,5.9,,"Routine (i.e., repetitive)",TARL,2015-06-10
199-H4-4,2015-07-06 09:30:00,13.0,,In Process,FIELD,2015-07-06
199-H4-4,2015-08-03 09:30:00,3.0,,In Process,FIELD,2015-08-03
199-H4-4,2015-08-12 11:22:00,7.4,H,"Routine (i.e., repetitive)",TARL,2015-08-12
199-H4-4,2015-08-12 11:22:00,7.6,H,"Routine (i.e., repetitive)",TARL,2015-08-12
199-H4-4,2016-02-01 07:45:00,2.0,,In Process,FIELD,2016-02-01
199-H4-4,2016-02-24 08:17:00,2.1,,"Routine (i.e., repetitive)",TARL,2016-02-24
199-H4-4,2016-02-24 08:17:00,1.8,,"Routine (i.e., repetitive)",TARL,2016-02-24
199-H4-4,2016-03-01 08:30:00,3.0,,In Process,FIELD,2016-03-01
199-H4-4,2016-04-05 09:30:00,8.0,,In Process,FIELD,2016-04-05
199-H4-4,2016-05-02 09:00:00,2.0,,In Process,FIELD,2016-05-02
199-H4-4,2016-05-11 11:30:00,1.5,,"Routine (i.e., repetitive)",TARL,2016-05-11
199-H4-4,2016-05-11 11:30:00,1.5,,"Routine (i.e., repetitive)",TARL,2016-05-11
199-H4-4,2016-06-13 09:30:00,3.0,,In Process,FIELD,2016-06-13
199-H4-4,2016-07-11 14:00:00,6.0,,In Process,FIELD,2016-07-11
199-H4-4,2016-08-01 09:00:00,0.0,,In Process,FIELD,2016-08-01
199-H4-4,2016-08-04 10:25:00,2.0,,"Routine (i.e., repetitive)",TARL,2016-08-04
199-H4-4,2016-08-04 10:25:00,1.9,,"Routine (i.e., repetitive)",TARL,2016-08-04
199-H4-4,2016-11-01 09:30:00,10.0,,In Process,FIELD,2016-11-01
199-H4-4,2016-11-10 10:12:00,3.0,,"Routine (i.e., repetitive)",TARL,2016-11-10
199-H4-4,2016-11-10 10:12:00,3.1,,"Routine (i.e., repetitive)",TARL,2016-11-10
199-H4-4,2016-12-07 09:30:00,2.0,,In Process,FIELD,2016-12-07
199-H4-4,2017-01-04 09:00:00,4.0,,In Process,FIELD,2017-01-04
199-H4-4,2017-02-01 09:00:00,0.0,,In Process,FIELD,2017-02-01
199-H4-4,2017-02-02 09:31:00,2.4,,"Routine (i.e., repetitive)",TARL,2017-02-02
199-H4-4,2017-02-02 09:31:00,2.1,,"Routine (i.e., repetitive)",TARL,2017-02-02
199-H4-4,2017-03-01 08:30:00,0.0,,In Process,FIELD,2017-03-01
199-H4-4,2017-04-04 09:30:00,9.0,,In Process,FIELD,2017-04-04
199-H4-4,2017-05-01 12:30:00,0.0,,In Process,FIELD,2017-05-01
199-H4-4,2017-05-03 10:30:00,1.5,,"Routine (i.e., repetitive)",TARL,2017-05-03
199-H4-4,2017-05-03 10:30:00,1.5,,"Routine (i.e., repetitive)",TARL,2017-05-03
199-H4-4,2017-06-07 09:00:00,0.0,,In Process,FIELD,2017-06-07
199-H4-4,2017-07-06 08:00:00,3.0,,In Process,FIELD,2017-07-06
199-H4-4,2017-08-01 13:45:00,2.0,,In Process,FIELD,2017-08-01
199-H4-4,2017-09-06 13:00:00,5.0,,In Process,FIELD,2017-09-06
199-H4-4,2018-02-01 08:00:00,5.0,,In Process,FIELD,2018-02-01
199-H4-4,2018-02-06 10:11:00,1.6,,"Routine (i.e., repetitive)",TARL,2018-02-06
199-H4-4,2018-02-06 10:11:00,1.9,,"Routine (i.e., repetitive)",TARL,2018-02-06
199-H4-4,2018-03-06 08:45:00,6.0,,In Process,FIELD,2018-03-06
199-H4-4,2018-04-04 08:10:00,3.0,,In Process,FIELD,2018-04-04
199-H4-4,2018-05-07 08:10:00,1.0,,In Process,FIELD,2018-05-07
199-H4-4,2018-05-17 10:17:00,1.5,,"Routine (i.e., repetitive)",TARL,2018-05-17
199-H4-4,2018-05-17 10:17:00,1.5,,"Routine (i.e., repetitive)",TARL,2018-05-17
199-H4-4,2018-06-06 09:00:00,0.0,,In Process,FIELD,2018-06-06
199-H4-4,2018-07-10 11:00:00,10.0,,In Process,FIELD,2018-07-10
199-H4-4,2018-08-01 08:40:00,1.5,,"Routine (i.e., repetitive)",TARL,2018-08-01
199-H4-4,2018-08-01 08:40:00,1.5,,"Routine (i.e., repetitive)",TARL,2018-08-01
199-H4-4,2018-08-13 12:30:00,5.0,,In Process,FIELD,2018-08-13
199-H4-4,2018-09-05 09:00:00,0.0,,In Process,FIELD,2018-09-05
199-H4-4,2019-05-20 09:03:00,3.0,,In Process,FIELD,2019-05-20
199-H4-4,2019-05-22 10:56:00,3.44,H,"Routine (i.e., repetitive)",GEL,2019-05-22
199-H4-4,2019-06-12 13:30:00,3.0,,In Process,FIELD,2019-06-12
199-H4-4,2019-08-26 09:15:00,2.0,,In Process,FIELD,2019-08-26
199-H4-4,2019-12-10 09:17:00,3.36,HQ,"Routine (i.e., repetitive)",GEL,2019-12-10
199-H4-4,2020-02-19 08:00:00,7.0,,In Process,FIELD,2020-02-19
199-H4-4,2020-02-24 09:46:00,2.51,H,"Routine (i.e., repetitive)",GEL,2020-02-24
199-H4-4,2020-07-23 09:30:00,11.0,,In Process,FIELD,2020-07-23
199-H4-4,2020-08-11 08:00:00,2.0,,In Process,FIELD,2020-08-11
199-H4-4,2020-08-11 10:51:00,1.8,,"Routine (i.e., repetitive)",GEL,2020-08-11
199-H4-4,2021-01-20 09:00:00,0.0,,In Process,FIELD,2021-01-20
199-H4-4,2021-02-08 09:20:00,2.13,H,"Routine (i.e., repetitive)",GEL,2021-02-08
199-H4-4,2021-02-09 07:30:00,7.0,,In Process,FIELD,2021-02-09
199-H4-5,2014-03-19 10:32:00,7.5,,"Routine (i.e., repetitive)",WSCF,2014-03-19
199-H4-5,2014-06-20 10:27:00,8.0,,"Routine (i.e., repetitive)",TARL,2014-06-20
199-H4-5,2014-09-05 11:28:00,8.0,,"Routine (i.e., repetitive)",TARL,2014-09-05
199-H4-5,2014-12-12 13:25:00,2.8,,"Routine (i.e., repetitive)",TARL,2014-12-12
199-H4-5,2014-12-12 13:25:00,1.8,,"Routine (i.e., repetitive)",TARL,2014-12-12
199-H4-5,2015-02-26 10:22:00,3.4,,"Routine (i.e., repetitive)",TARL,2015-02-26
199-H4-5,2015-02-26 10:22:00,3.2,,"Routine (i.e., repetitive)",TARL,2015-02-26
199-H4-5,2015-06-07 11:30:00,1.5,,"Routine (i.e., repetitive)",TARL,2015-06-07
199-H4-5,2015-06-07 11:30:00,1.7,,"Routine (i.e., repetitive)",TARL,2015-06-07
199-H4-5,2015-08-28 12:26:00,1.6,,"Routine (i.e., repetitive)",TARL,2015-08-28
199-H4-5,2015-08-28 12:26:00,2.7,,"Routine (i.e., repetitive)",TARL,2015-08-28
199-H4-5,2015-12-01 12:08:00,2.6,H,"Routine (i.e., repetitive)",TARL,2015-12-01
199-H4-5,2015-12-01 12:08:00,6.1,H,"Routine (i.e., repetitive)",TARL,2015-12-01
199-H4-5,2016-03-14 11:48:00,3.3,,"Routine (i.e., repetitive)",TARL,2016-03-14
199-H4-5,2016-03-14 11:48:00,3.1,,"Routine (i.e., repetitive)",TARL,2016-03-14
199-H4-5,2016-06-15 12:31:00,3.1,,"Routine (i.e., repetitive)",TARL,2016-06-15
199-H4-5,2016-06-15 12:31:00,3.4,,"Routine (i.e., repetitive)",TARL,2016-06-15
199-H4-5,2016-12-07 10:46:00,3.8,,"Routine (i.e., repetitive)",TARL,2016-12-07
199-H4-5,2016-12-07 10:46:00,3.9,,"Routine (i.e., repetitive)",TARL,2016-12-07
199-H4-5,2017-12-14 11:27:00,2.0,,"Routine (i.e., repetitive)",TARL,2017-12-14
199-H4-5,2017-12-14 11:27:00,2.4,,"Routine (i.e., repetitive)",TARL,2017-12-14
199-H4-5,2018-12-10 13:11:00,1.7,,"Routine (i.e., repetitive)",TARL,2018-12-10
199-H4-5,2018-12-10 13:11:00,1.9,,"Routine (i.e., repetitive)",TARL,2018-12-10
199-H4-5,2019-12-03 11:56:00,3.69,H,"Routine (i.e., repetitive)",GEL,2019-12-03
199-H4-5,2020-12-07 11:56:00,1.33,,"Routine (i.e., repetitive)",GEL,2020-12-07
199-H4-8,2014-03-10 12:32:00,8.0,,"Routine (i.e., repetitive)",TARL,2014-03-10
199-H4-8,2014-03-10 12:32:00,8.0,,"Routine (i.e., repetitive)",TARL,2014-03-10
199-H4-8,2014-11-05 11:45:00,4.7,,"Routine (i.e., repetitive)",TARL,2014-11-05
199-H4-8,2014-11-05 11:45:00,1.5,,"Routine (i.e., repetitive)",TARL,2014-11-05
199-H4-8,2015-12-01 13:33:00,2.1,,"Routine (i.e., repetitive)",TARL,2015-12-01
199-H4-8,2015-12-01 13:33:00,4.8,,"Routine (i.e., repetitive)",TARL,2015-12-01
199-H4-8,2016-11-15 12:45:00,1.5,,"Routine (i.e., repetitive)",TARL,2016-11-15
199-H4-8,2016-11-15 12:45:00,6.0,,"Routine (i.e., repetitive)",TARL,2016-11-15
199-H4-8,2017-05-03 13:00:00,1.7,,"Routine (i.e., repetitive)",TARL,2017-05-03
199-H4-8,2017-05-03 13:00:00,2.0,,"Routine (i.e., repetitive)",TARL,2017-05-03
199-H4-8,2017-11-10 13:50:00,1.5,,"Routine (i.e., repetitive)",TARL,2017-11-10
199-H4-8,2017-11-10 13:50:00,1.5,,"Routine (i.e., repetitive)",TARL,2017-11-10
199-H4-8,2018-11-13 08:59:00,1.5,,"Routine (i.e., repetitive)",TARL,2018-11-13
199-H4-8,2018-11-13 08:59:00,1.5,,"Routine (i.e., repetitive)",TARL,2018-11-13
199-H4-8,2019-05-01 12:19:00,2.18,,"Routine (i.e., repetitive)",GEL,2019-05-01
199-H4-8,2020-06-16 11:21:00,2.25,,"Routine (i.e., repetitive)",GEL,2020-06-16
199-H4-8,2021-06-08 08:00:00,4.6,,"Routine (i.e., repetitive)",RJ LEE,2021-06-08
199-H4-12A,2014-02-21 09:51:00,22.5,,"Routine (i.e., repetitive)",WSCF,2014-02-21
199-H4-12A,2014-05-05 10:27:00,8.0,,"Routine (i.e., repetitive)",TARL,2014-05-05
199-H4-12A,2014-08-01 11:19:00,8.0,,"Routine (i.e., repetitive)",TARL,2014-08-01
199-H4-12A,2014-11-05 11:00:00,14.4,,"Routine (i.e., repetitive)",TARL,2014-11-05
199-H4-12A,2015-02-11 10:02:00,3.3,Q,"Routine (i.e., repetitive)",TARL,2015-02-11
199-H4-12A,2015-02-11 10:02:00,4.0,Q,"Routine (i.e., repetitive)",TARL,2015-02-11
199-H4-12A,2015-05-04 10:16:00,14.2,,"Routine (i.e., repetitive)",TARL,2015-05-04
199-H4-12A,2015-05-04 10:16:00,14.0,,"Routine (i.e., repetitive)",TARL,2015-05-04
199-H4-12A,2015-08-10 09:21:00,3.8,,"Routine (i.e., repetitive)",TARL,2015-08-10
199-H4-12A,2015-08-10 09:21:00,3.7,,"Routine (i.e., repetitive)",TARL,2015-08-10
199-H4-12A,2015-12-03 13:14:00,3.6,,"Routine (i.e., repetitive)",TARL,2015-12-03
199-H4-12A,2015-12-03 13:14:00,3.1,,"Routine (i.e., repetitive)",TARL,2015-12-03
199-H4-12A,2016-02-03 14:01:00,1.6,H,"Routine (i.e., repetitive)",TARL,2016-02-03
199-H4-12A,2016-02-03 14:01:00,1.5,H,"Routine (i.e., repetitive)",TARL,2016-02-03
199-H4-12A,2016-05-10 08:43:00,1.5,,"Routine (i.e., repetitive)",TARL,2016-05-10
199-H4-12A,2016-05-10 08:43:00,2.2,,"Routine (i.e., repetitive)",TARL,2016-05-10
199-H4-12A,2016-08-05 09:45:00,1.5,,"Routine (i.e., repetitive)",TARL,2016-08-05
199-H4-12A,2016-08-05 09:45:00,1.5,,"Routine (i.e., repetitive)",TARL,2016-08-05
199-H4-12A,2016-11-15 09:25:00,2.3,,"Routine (i.e., repetitive)",TARL,2016-11-15
199-H4-12A,2016-11-15 09:25:00,2.3,,"Routine (i.e., repetitive)",TARL,2016-11-15
199-H4-12A,2017-02-08 08:59:00,1.5,,"Routine (i.e., repetitive)",TARL,2017-02-08
199-H4-12A,2017-02-08 08:59:00,1.5,,"Routine (i.e., repetitive)",TARL,2017-02-08
199-H4-12A,2017-05-03 09:17:00,1.5,,"Routine (i.e., repetitive)",TARL,2017-05-03
199-H4-12A,2017-05-03 09:17:00,1.5,,"Routine (i.e., repetitive)",TARL,2017-05-03
199-H4-12A,2017-11-03 11:23:00,1.6,,"Routine (i.e., repetitive)",TARL,2017-11-03
199-H4-12A,2017-11-03 11:23:00,1.5,,"Routine (i.e., repetitive)",TARL,2017-11-03
199-H4-12A,2018-02-08 11:09:00,2.0,,"Routine (i.e., repetitive)",TARL,2018-02-08
199-H4-12A,2018-02-08 11:09:00,2.2,,"Routine (i.e., repetitive)",TARL,2018-02-08
199-H4-12A,2018-05-02 10:14:00,1.8,,"Routine (i.e., repetitive)",TARL,2018-05-02
199-H4-12A,2018-05-02 10:14:00,1.5,,"Routine (i.e., repetitive)",TARL,2018-05-02
199-H4-12A,2018-10-31 11:11:00,1.5,,"Routine (i.e., repetitive)",TARL,2018-10-31
199-H4-12A,2018-10-31 11:11:00,1.5,,"Routine (i.e., repetitive)",TARL,2018-10-31
199-H4-12A,2019-02-27 08:43:00,2.5,,"Routine (i.e., repetitive)",TARL,2019-02-27
199-H4-12A,2019-02-27 08:43:00,2.5,,"Routine (i.e., repetitive)",TARL,2019-02-27
199-H4-12A,2019-05-13 09:56:00,3.15,,"Routine (i.e., repetitive)",GEL,2019-05-13
199-H4-12A,2019-11-12 11:15:00,3.31,,"Routine (i.e., repetitive)",GEL,2019-11-12
199-H4-12A,2020-02-20 11:50:00,2.14,,"Routine (i.e., repetitive)",GEL,2020-02-20
199-H4-12A,2020-11-11 11:45:00,5.96,H,"Routine (i.e., repetitive)",GEL,2020-11-11
199-H4-12A,2021-02-04 10:16:00,2.44,H,"Routine (i.e., repetitive)",GEL,2021-02-04
199-H4-12A,2021-05-13 09:23:00,2.18,,"Routine (i.e., repetitive)",GEL,2021-05-13
199-H4-15A,2014-01-02 13:00:00,24.0,,In Process,FIELD,2014-01-02
199-H4-15A,2014-01-29 11:18:00,19.4,,"Routine (i.e., repetitive)",WSCF,2014-01-29
199-H4-15A,2014-02-03 10:35:00,20.0,,In Process,FIELD,2014-02-03
199-H4-15A,2014-03-03 10:20:00,24.0,,In Process,FIELD,2014-03-03
199-H4-15A,2014-04-01 12:00:00,13.0,,In Process,FIELD,2014-04-01
199-H4-15A,2014-05-12 13:15:00,6.0,,In Process,FIELD,2014-05-12
199-H4-15A,2014-06-04 12:30:00,3.0,G,In Process,FIELD,2014-06-04
199-H4-15A,2014-06-05 10:30:00,8.0,,"Routine (i.e., repetitive)",TARL,2014-06-05
199-H4-15A,2014-07-02 08:30:00,6.0,,In Process,FIELD,2014-07-02
199-H4-15A,2014-08-05 08:30:00,13.0,,In Process,FIELD,2014-08-05
199-H4-15A,2014-09-04 12:20:00,14.0,,In Process,FIELD,2014-09-04
199-H4-15A,2014-10-02 10:00:00,14.0,,In Process,FIELD,2014-10-02
199-H4-15A,2014-11-04 12:20:00,17.0,,In Process,FIELD,2014-11-04
199-H4-15A,2014-12-02 12:35:00,18.0,,In Process,FIELD,2014-12-02
199-H4-15A,2015-01-06 13:00:00,11.0,,In Process,FIELD,2015-01-06
199-H4-15A,2015-02-04 10:00:00,18.0,,In Process,FIELD,2015-02-04
199-H4-15A,2015-02-24 12:52:00,6.8,,"Routine (i.e., repetitive)",TARL,2015-02-24
199-H4-15A,2015-02-24 12:52:00,6.9,,"Routine (i.e., repetitive)",TARL,2015-02-24
199-H4-15A,2015-03-04 09:00:00,13.0,,In Process,FIELD,2015-03-04
199-H4-15A,2015-04-02 08:30:00,11.0,,In Process,FIELD,2015-04-02
199-H4-15A,2015-05-04 09:00:00,7.0,,In Process,FIELD,2015-05-04
199-H4-15A,2015-06-04 07:30:00,0.0,,In Process,FIELD,2015-06-04
199-H4-15A,2015-06-10 08:32:00,15.0,,"Routine (i.e., repetitive)",TARL,2015-06-10
199-H4-15A,2015-06-10 08:32:00,16.8,,"Routine (i.e., repetitive)",TARL,2015-06-10
199-H4-15A,2015-07-06 09:30:00,17.0,,In Process,FIELD,2015-07-06
199-H4-15A,2015-08-03 09:30:00,4.0,,In Process,FIELD,2015-08-03
199-H4-15A,2015-08-12 11:14:00,13.0,H,"Routine (i.e., repetitive)",TARL,2015-08-12
199-H4-15A,2015-08-12 11:14:00,12.0,H,"Routine (i.e., repetitive)",TARL,2015-08-12
199-H4-15A,2015-09-08 08:30:00,14.0,,In Process,FIELD,2015-09-08
199-H4-15A,2015-10-05 08:30:00,14.0,,In Process,FIELD,2015-10-05
199-H4-15A,2015-11-02 09:00:00,6.0,,In Process,FIELD,2015-11-02
199-H4-15A,2015-11-11 14:08:00,6.5,,"Routine (i.e., repetitive)",TARL,2015-11-11
199-H4-15A,2015-11-11 14:08:00,6.2,,"Routine (i.e., repetitive)",TARL,2015-11-11
199-H4-15A,2015-12-01 08:30:00,6.0,,In Process,FIELD,2015-12-01
199-H4-15A,2016-01-04 08:00:00,5.0,,In Process,FIELD,2016-01-04
199-H4-15A,2016-02-01 07:45:00,6.0,,In Process,FIELD,2016-02-01
199-H4-15A,2016-02-24 08:05:00,4.6,,"Routine (i.e., repetitive)",TARL,2016-02-24
199-H4-15A,2016-02-24 08:05:00,5.1,,"Routine (i.e., repetitive)",TARL,2016-02-24
199-H4-15A,2016-03-01 08:30:00,6.0,,In Process,FIELD,2016-03-01
199-H4-15A,2016-04-05 09:30:00,11.0,,In Process,FIELD,2016-04-05
199-H4-15A,2016-05-02 09:00:00,3.0,,In Process,FIELD,2016-05-02
199-H4-15A,2016-05-11 11:10:00,2.9,,"Routine (i.e., repetitive)",TARL,2016-05-11
199-H4-15A,2016-05-11 11:10:00,2.1,,"Routine (i.e., repetitive)",TARL,2016-05-11
199-H4-15A,2016-06-13 09:30:00,4.0,,In Process,FIELD,2016-06-13
199-H4-15A,2016-07-11 14:00:00,4.0,,In Process,FIELD,2016-07-11
199-H4-15A,2016-08-01 09:00:00,1.0,,In Process,FIELD,2016-08-01
199-H4-15A,2016-08-04 10:52:00,3.2,,"Routine (i.e., repetitive)",TARL,2016-08-04
199-H4-15A,2016-08-04 10:52:00,3.9,,"Routine (i.e., repetitive)",TARL,2016-08-04
199-H4-15A,2016-09-06 09:00:00,5.0,,In Process,FIELD,2016-09-06
199-H4-15A,2016-10-03 08:00:00,2.0,,In Process,FIELD,2016-10-03
199-H4-15A,2016-11-01 09:30:00,5.0,,In Process,FIELD,2016-11-01
199-H4-15A,2016-11-10 10:24:00,2.5,,"Routine (i.e., repetitive)",TARL,2016-11-10
199-H4-15A,2016-11-10 10:24:00,2.6,,"Routine (i.e., repetitive)",TARL,2016-11-10
199-H4-15A,2016-12-07 09:30:00,3.0,,In Process,FIELD,2016-12-07
199-H4-15A,2017-01-04 09:00:00,9.0,,In Process,FIELD,2017-01-04
199-H4-15A,2017-02-01 09:00:00,0.0,,In Process,FIELD,2017-02-01
199-H4-15A,2017-02-02 09:51:00,2.9,,"Routine (i.e., repetitive)",TARL,2017-02-02
199-H4-15A,2017-02-02 09:51:00,2.9,,"Routine (i.e., repetitive)",TARL,2017-02-02
199-H4-15A,2017-03-01 08:30:00,0.0,,In Process,FIELD,2017-03-01
199-H4-15A,2017-04-04 09:30:00,8.0,,In Process,FIELD,2017-04-04
199-H4-15A,2017-05-01 12:30:00,1.0,,In Process,FIELD,2017-05-01
199-H4-15A,2017-05-03 10:20:00,1.5,,"Routine (i.e., repetitive)",TARL,2017-05-03
199-H4-15A,2017-05-03 10:20:00,1.5,,"Routine (i.e., repetitive)",TARL,2017-05-03
199-H4-15A,2017-06-07 09:00:00,0.0,,In Process,FIELD,2017-06-07
199-H4-15A,2017-07-06 08:00:00,4.0,,In Process,FIELD,2017-07-06
199-H4-15A,2017-08-01 13:45:00,3.0,,In Process,FIELD,2017-08-01
199-H4-15A,2017-09-06 13:00:00,4.0,,In Process,FIELD,2017-09-06
199-H4-15A,2017-09-28 12:09:00,1.5,,"Routine (i.e., repetitive)",TARL,2017-09-28
199-H4-15A,2017-09-28 12:09:00,2.3,,"Routine (i.e., repetitive)",TARL,2017-09-28
199-H4-15A,2017-10-03 13:30:00,4.0,,In Process,FIELD,2017-10-03
199-H4-15A,2017-11-02 08:00:00,4.0,,In Process,FIELD,2017-11-02
199-H4-15A,2017-11-14 08:54:00,3.1,,"Routine (i.e., repetitive)",TARL,2017-11-14
199-H4-15A,2017-11-14 08:54:00,2.7,,"Routine (i.e., repetitive)",TARL,2017-11-14
199-H4-15A,2017-12-04 13:00:00,2.0,,In Process,FIELD,2017-12-04
199-H4-15A,2018-01-03 08:30:00,1.0,,In Process,FIELD,2018-01-03
199-H4-15A,2018-02-01 08:00:00,11.0,,In Process,FIELD,2018-02-01
199-H4-15A,2018-02-06 10:00:00,1.5,,"Routine (i.e., repetitive)",TARL,2018-02-06
199-H4-15A,2018-02-06 10:00:00,1.5,,"Routine (i.e., repetitive)",TARL,2018-02-06
199-H4-15A,2018-03-06 08:45:00,4.0,,In Process,FIELD,2018-03-06
199-H4-15A,2018-04-04 08:10:00,3.0,,In Process,FIELD,2018-04-04
199-H4-15A,2018-05-07 08:10:00,1.0,,In Process,FIELD,2018-05-07
199-H4-15A,2018-05-17 10:08:00,1.5,,"Routine (i.e., repetitive)",TARL,2018-05-17
199-H4-15A,2018-05-17 10:08:00,1.5,,"Routine (i.e., repetitive)",TARL,2018-05-17
199-H4-15A,2018-06-06 09:00:00,3.0,,In Process,FIELD,2018-06-06
199-H4-15A,2018-07-10 11:00:00,5.0,,In Process,FIELD,2018-07-10
199-H4-15A,2018-08-01 08:19:00,1.5,,"Routine (i.e., repetitive)",TARL,2018-08-01
199-H4-15A,2018-08-01 08:19:00,2.3,,"Routine (i.e., repetitive)",TARL,2018-08-01
199-H4-15A,2018-08-13 12:30:00,3.0,,In Process,FIELD,2018-08-13
199-H4-15A,2018-09-05 09:00:00,1.0,,In Process,FIELD,2018-09-05
199-H4-15A,2018-10-01 09:25:00,2.0,,In Process,FIELD,2018-10-01
199-H4-15A,2018-10-22 10:20:00,2.7,,"Routine (i.e., repetitive)",TARL,2018-10-22
199-H4-15A,2018-10-22 10:20:00,3.0,,"Routine (i.e., repetitive)",TARL,2018-10-22
199-H4-15A,2018-11-06 09:45:00,4.0,,In Process,FIELD,2018-11-06
199-H4-15A,2018-12-12 08:00:00,7.0,,In Process,FIELD,2018-12-12
199-H4-15A,2019-01-02 14:05:00,3.0,,In Process,FIELD,2019-01-02
199-H4-15A,2019-01-29 09:26:00,1.7,,"Routine (i.e., repetitive)",TARL,2019-01-29
199-H4-15A,2019-01-29 09:26:00,1.5,,"Routine (i.e., repetitive)",TARL,2019-01-29
199-H4-15A,2019-02-27 09:44:00,-4.0,,In Process,FIELD,2019-02-27
199-H4-15A,2019-03-11 13:50:00,2.0,,In Process,FIELD,2019-03-11
199-H4-15A,2019-04-17 13:06:00,3.0,,In Process,FIELD,2019-04-17
199-H4-15A,2019-05-20 09:03:00,2.0,,In Process,FIELD,2019-05-20
199-H4-15A,2019-05-22 11:06:00,3.99,H,"Routine (i.e., repetitive)",GEL,2019-05-22
199-H4-15A,2019-06-12 13:30:00,2.0,,In Process,FIELD,2019-06-12
199-H4-15A,2019-07-11 09:00:00,3.0,,In Process,FIELD,2019-07-11
199-H4-15A,2019-08-20 09:22:00,3.45,,"Routine (i.e., repetitive)",GEL,2019-08-20
199-H4-15A,2019-08-26 09:15:00,3.0,,In Process,FIELD,2019-08-26
199-H4-15A,2019-10-10 07:45:00,3.0,,In Process,FIELD,2019-10-10
199-H4-15A,2019-10-30 10:11:00,3.44,H,"Routine (i.e., repetitive)",GEL,2019-10-30
199-H4-15A,2019-11-05 07:50:00,3.0,,In Process,FIELD,2019-11-05
199-H4-15A,2019-12-04 09:00:00,2.0,,In Process,FIELD,2019-12-04
199-H4-15A,2020-01-07 12:50:00,1.0,,In Process,FIELD,2020-01-07
199-H4-15A,2020-02-19 08:00:00,0.0,,In Process,FIELD,2020-02-19
199-H4-15A,2020-02-24 09:39:00,2.22,H,"Routine (i.e., repetitive)",GEL,2020-02-24
199-H4-15A,2020-07-23 09:30:00,2.0,,In Process,FIELD,2020-07-23
199-H4-15A,2020-08-11 08:00:00,3.0,,In Process,FIELD,2020-08-11
199-H4-15A,2020-08-11 10:45:00,1.58,,"Routine (i.e., repetitive)",GEL,2020-08-11
199-H4-15A,2020-09-09 09:30:00,5.0,,In Process,FIELD,2020-09-09
199-H4-15A,2020-10-12 09:00:00,1.0,,In Process,FIELD,2020-10-12
199-H4-15A,2020-10-27 08:11:00,2.15,H,"Routine (i.e., repetitive)",GEL,2020-10-27
199-H4-15A,2020-11-12 10:30:00,2.0,,In Process,FIELD,2020-11-12
199-H4-15A,2021-01-20 09:00:00,0.0,,In Process,FIELD,2021-01-20
199-H4-15A,2021-02-08 09:00:00,1.91,H,"Routine (i.e., repetitive)",GEL,2021-02-08
199-H4-15A,2021-02-09 07:30:00,4.0,,In Process,FIELD,2021-02-09
199-H4-15A,2021-03-10 09:30:00,7.0,,In Process,FIELD,2021-03-10
199-H4-15A,2021-04-13 01:15:00,0.0,,In Process,FIELD,2021-04-13
199-H4-15A,2021-05-05 10:48:00,1.83,,"Routine (i.e., repetitive)",GEL,2021-05-05
199-H4-15A,2021-05-17 07:56:00,10.0,,In Process,FIELD,2021-05-17
199-H4-15A,2021-06-28 07:48:00,4.0,,In Process,FIELD,2021-06-28
199-H4-15A,2021-07-07 08:55:00,3.0,,In Process,FIELD,2021-07-07
199-H4-15A,2021-08-24 08:04:00,2.5,,"Routine (i.e., repetitive)",RJ LEE,2021-08-24
199-H4-64,2014-01-02 13:00:00,13.0,,In Process,FIELD,2014-01-02
199-H4-64,2014-02-03 10:35:00,3.0,,In Process,FIELD,2014-02-03
199-H4-64,2014-03-03 10:20:00,10.0,,In Process,FIELD,2014-03-03
199-H4-64,2014-03-19 11:17:00,5.6,,"Routine (i.e., repetitive)",WSCF,2014-03-19
199-H4-64,2014-04-01 12:00:00,4.0,,In Process,FIELD,2014-04-01
199-H4-64,2014-05-12 13:15:00,1.0,,In Process,FIELD,2014-05-12
199-H4-64,2014-06-04 12:30:00,1.0,G,In Process,FIELD,2014-06-04
199-H4-64,2014-06-24 11:58:00,8.0,,"Routine (i.e., repetitive)",TARL,2014-06-24
199-H4-64,2014-07-02 08:30:00,4.0,,In Process,FIELD,2014-07-02
199-H4-64,2014-08-05 08:30:00,7.0,,In Process,FIELD,2014-08-05
199-H4-64,2014-09-04 12:20:00,8.0,,In Process,FIELD,2014-09-04
199-H4-64,2014-10-02 10:00:00,7.0,,In Process,FIELD,2014-10-02
199-H4-64,2014-11-04 12:20:00,7.0,,In Process,FIELD,2014-11-04
199-H4-64,2014-12-02 12:35:00,9.0,,In Process,FIELD,2014-12-02
199-H4-64,2014-12-16 12:39:00,8.1,A,"Routine (i.e., repetitive)",TARL,2014-12-16
199-H4-64,2014-12-16 12:39:00,6.5,A,"Routine (i.e., repetitive)",TARL,2014-12-16
199-H4-64,2015-01-06 13:00:00,3.0,,In Process,FIELD,2015-01-06
199-H4-64,2015-02-04 10:00:00,7.0,,In Process,FIELD,2015-02-04
199-H4-64,2015-03-04 09:00:00,4.0,,In Process,FIELD,2015-03-04
199-H4-64,2015-03-31 10:42:00,3.8,,"Routine (i.e., repetitive)",TARL,2015-03-31
199-H4-64,2015-03-31 10:42:00,3.8,,"Routine (i.e., repetitive)",TARL,2015-03-31
199-H4-64,2015-04-02 08:30:00,4.0,,In Process,FIELD,2015-04-02
199-H4-64,2015-05-04 09:00:00,0.0,,Industrial Hygiene,FIELD,2015-05-04
199-H4-64,2015-06-04 07:30:00,3.0,,In Process,FIELD,2015-06-04
199-H4-64,2015-06-10 10:34:00,7.1,,"Routine (i.e., repetitive)",TARL,2015-06-10
199-H4-64,2015-06-10 10:34:00,6.6,,"Routine (i.e., repetitive)",TARL,2015-06-10
199-H4-64,2015-07-06 09:30:00,4.0,,In Process,FIELD,2015-07-06
199-H4-64,2015-08-03 09:30:00,4.0,,In Process,FIELD,2015-08-03
199-H4-64,2015-09-08 08:30:00,6.0,,In Process,FIELD,2015-09-08
199-H4-64,2015-09-23 10:41:00,7.0,,"Routine (i.e., repetitive)",TARL,2015-09-23
199-H4-64,2015-09-23 10:41:00,9.3,,"Routine (i.e., repetitive)",TARL,2015-09-23
199-H4-64,2015-10-05 08:30:00,9.0,,In Process,FIELD,2015-10-05
199-H4-64,2015-11-02 09:00:00,1.0,,In Process,FIELD,2015-11-02
199-H4-64,2015-12-01 08:30:00,2.0,,In Process,FIELD,2015-12-01
199-H4-64,2015-12-09 09:05:00,3.0,,"Routine (i.e., repetitive)",TARL,2015-12-09
199-H4-64,2015-12-09 09:05:00,2.7,,"Routine (i.e., repetitive)",TARL,2015-12-09
199-H4-64,2016-01-04 08:00:00,3.0,,In Process,FIELD,2016-01-04
199-H4-64,2016-02-01 07:45:00,1.0,,In Process,FIELD,2016-02-01
199-H4-64,2016-03-01 08:30:00,2.0,,In Process,FIELD,2016-03-01
199-H4-64,2016-03-22 11:25:00,1.5,,"Routine (i.e., repetitive)",TARL,2016-03-22
199-H4-64,2016-03-22 11:25:00,1.5,,"Routine (i.e., repetitive)",TARL,2016-03-22
199-H4-64,2016-04-05 09:30:00,10.0,,In Process,FIELD,2016-04-05
199-H4-64,2016-05-02 09:00:00,0.0,,In Process,FIELD,2016-05-02
199-H4-64,2016-06-13 09:30:00,1.0,,In Process,FIELD,2016-06-13
199-H4-64,2016-06-30 08:11:00,2.1,,"Routine (i.e., repetitive)",TARL,2016-06-30
199-H4-64,2016-06-30 08:11:00,1.6,,"Routine (i.e., repetitive)",TARL,2016-06-30
199-H4-64,2016-07-11 14:00:00,6.0,,In Process,FIELD,2016-07-11
199-H4-64,2016-08-01 09:00:00,2.0,,In Process,FIELD,2016-08-01
199-H4-64,2016-09-06 09:00:00,4.0,,In Process,FIELD,2016-09-06
199-H4-64,2016-11-01 09:30:00,8.0,,In Process,FIELD,2016-11-01
199-H4-64,2016-11-16 09:36:00,1.5,,"Routine (i.e., repetitive)",TARL,2016-11-16
199-H4-64,2016-11-16 09:36:00,1.5,,"Routine (i.e., repetitive)",TARL,2016-11-16
199-H4-64,2016-12-07 09:30:00,2.0,,In Process,FIELD,2016-12-07
199-H4-64,2017-01-03 13:59:00,4.2,,"Routine (i.e., repetitive)",TARL,2017-01-03
199-H4-64,2017-01-03 13:59:00,1.8,,"Routine (i.e., repetitive)",TARL,2017-01-03
199-H4-64,2017-01-04 09:00:00,4.0,,In Process,FIELD,2017-01-04
199-H4-64,2017-02-01 09:00:00,0.0,,In Process,FIELD,2017-02-01
199-H4-64,2017-03-01 08:30:00,0.0,,In Process,FIELD,2017-03-01
199-H4-64,2017-03-22 11:16:00,1.5,,"Routine (i.e., repetitive)",TARL,2017-03-22
199-H4-64,2017-03-22 11:16:00,1.5,,"Routine (i.e., repetitive)",TARL,2017-03-22
199-H4-64,2017-04-04 09:30:00,5.0,,In Process,FIELD,2017-04-04
199-H4-64,2017-05-01 12:30:00,2.0,,In Process,FIELD,2017-05-01
199-H4-64,2017-06-07 09:00:00,0.0,,In Process,FIELD,2017-06-07
199-H4-64,2017-06-08 09:44:00,1.5,,"Routine (i.e., repetitive)",TARL,2017-06-08
199-H4-64,2017-06-08 09:44:00,1.5,,"Routine (i.e., repetitive)",TARL,2017-06-08
199-H4-64,2017-07-06 08:00:00,3.0,,In Process,FIELD,2017-07-06
199-H4-64,2017-08-01 13:45:00,3.0,,In Process,FIELD,2017-08-01
199-H4-64,2017-09-06 13:00:00,3.0,,In Process,FIELD,2017-09-06
199-H4-64,2017-12-04 13:00:00,1.0,,In Process,FIELD,2017-12-04
199-H4-64,2017-12-11 10:58:00,1.7,,"Routine (i.e., repetitive)",TARL,2017-12-11
199-H4-64,2017-12-11 10:58:00,1.5,,"Routine (i.e., repetitive)",TARL,2017-12-11
199-H4-64,2018-01-03 08:30:00,3.0,,In Process,FIELD,2018-01-03
199-H4-64,2018-02-01 08:00:00,6.0,,In Process,FIELD,2018-02-01
199-H4-64,2018-02-06 10:30:00,1.5,,"Routine (i.e., repetitive)",TARL,2018-02-06
199-H4-64,2018-02-06 10:30:00,1.5,,"Routine (i.e., repetitive)",TARL,2018-02-06
199-H4-64,2018-03-06 08:45:00,2.0,,In Process,FIELD,2018-03-06
199-H4-64,2018-04-04 08:10:00,3.0,,In Process,FIELD,2018-04-04
199-H4-64,2018-05-07 08:10:00,1.0,,In Process,FIELD,2018-05-07
199-H4-64,2018-05-17 10:41:00,1.5,,"Routine (i.e., repetitive)",TARL,2018-05-17
199-H4-64,2018-05-17 10:41:00,1.5,,"Routine (i.e., repetitive)",TARL,2018-05-17
199-H4-64,2018-06-06 09:00:00,2.0,,In Process,FIELD,2018-06-06
199-H4-64,2018-07-10 11:00:00,5.0,,In Process,FIELD,2018-07-10
199-H4-64,2018-08-01 08:54:00,1.5,,"Routine (i.e., repetitive)",TARL,2018-08-01
199-H4-64,2018-08-01 08:54:00,1.5,,"Routine (i.e., repetitive)",TARL,2018-08-01
199-H4-64,2018-08-13 12:30:00,3.0,,In Process,FIELD,2018-08-13
199-H4-64,2018-09-05 09:00:00,0.0,,In Process,FIELD,2018-09-05
199-H4-64,2019-05-20 09:03:00,3.0,,In Process,FIELD,2019-05-20
199-H4-64,2019-05-22 10:32:00,3.09,H,"Routine (i.e., repetitive)",GEL,2019-05-22
199-H4-64,2019-06-12 13:30:00,1.0,,In Process,FIELD,2019-06-12
199-H4-64,2019-07-11 09:00:00,3.0,,In Process,FIELD,2019-07-11
199-H4-64,2019-08-20 08:52:00,2.56,H,"Routine (i.e., repetitive)",GEL,2019-08-20
199-H4-64,2019-08-26 09:15:00,1.0,,In Process,FIELD,2019-08-26
199-H4-64,2019-12-05 09:30:00,1.0,,In Process,FIELD,2019-12-05
199-H4-64,2019-12-10 10:17:00,2.57,HQ,"Routine (i.e., repetitive)",GEL,2019-12-10
199-H4-64,2020-02-24 10:07:00,1.3,H,"Routine (i.e., repetitive)",GEL,2020-02-24
199-H4-64,2020-08-11 08:00:00,0.0,,In Process,FIELD,2020-08-11
199-H4-64,2020-09-09 09:30:00,3.0,,In Process,FIELD,2020-09-09
199-H4-65,2014-02-21 13:08:00,20.3,,"Routine (i.e., repetitive)",WSCF,2014-02-21
199-H4-65,2015-02-26 12:00:00,1.5,,"Routine (i.e., repetitive)",TARL,2015-02-26
199-H4-65,2015-02-26 12:00:00,1.5,,"Routine (i.e., repetitive)",TARL,2015-02-26
199-H4-65,2015-05-13 08:15:00,17.5,,"Routine (i.e., repetitive)",TARL,2015-05-13
199-H4-65,2015-05-13 08:15:00,18.3,,"Routine (i.e., repetitive)",TARL,2015-05-13
199-H4-65,2015-08-11 11:40:00,1.5,,"Routine (i.e., repetitive)",TARL,2015-08-11
199-H4-65,2015-08-11 11:40:00,1.5,,"Routine (i.e., repetitive)",TARL,2015-08-11
199-H4-65,2015-12-01 14:27:00,9.7,,"Routine (i.e., repetitive)",TARL,2015-12-01
199-H4-65,2015-12-01 14:27:00,3.3,,"Routine (i.e., repetitive)",TARL,2015-12-01
199-H4-65,2016-02-10 10:19:00,9.4,,"Routine (i.e., repetitive)",TARL,2016-02-10
199-H4-65,2016-02-10 10:19:00,9.4,,"Routine (i.e., repetitive)",TARL,2016-02-10
199-H4-65,2016-05-20 09:46:00,5.0,,"Routine (i.e., repetitive)",TARL,2016-05-20
199-H4-65,2016-05-20 09:46:00,4.8,,"Routine (i.e., repetitive)",TARL,2016-05-20
199-H4-65,2016-11-20 11:01:00,6.6,H,"Routine (i.e., repetitive)",TARL,2016-11-20
199-H4-65,2016-11-20 11:01:00,6.6,H,"Routine (i.e., repetitive)",TARL,2016-11-20
199-H4-65,2017-11-07 13:15:00,17.0,,"Routine (i.e., repetitive)",TARL,2017-11-07
199-H4-65,2017-11-07 13:15:00,17.0,,"Routine (i.e., repetitive)",TARL,2017-11-07
199-H4-65,2018-11-01 11:03:00,9.6,,"Routine (i.e., repetitive)",TARL,2018-11-01
199-H4-65,2019-11-18 13:17:00,6.01,,"Routine (i.e., repetitive)",GEL,2019-11-18
199-H4-65,2020-11-11 10:43:00,4.73,H,"Routine (i.e., repetitive)",GEL,2020-11-11
199-H4-84,2014-01-22 15:11:00,14.3,,"Routine (i.e., repetitive)",WSCF,2014-01-22
199-H4-84,2014-02-06 11:26:00,11.7,,"Routine (i.e., repetitive)",WSCF,2014-02-06
199-H4-84,2014-04-04 13:01:00,19.4,,"Routine (i.e., repetitive)",WSCF,2014-04-04
199-H4-84,2014-11-05 09:55:00,6.8,,"Routine (i.e., repetitive)",TARL,2014-11-05
199-H4-84,2014-11-23 09:32:00,9.5,,"Routine (i.e., repetitive)",TARL,2014-11-23
199-H4-84,2015-01-26 11:59:00,9.1,,"Routine (i.e., repetitive)",TARL,2015-01-26
199-H4-84,2015-01-26 11:59:00,9.4,,"Routine (i.e., repetitive)",TARL,2015-01-26
199-H4-84,2015-04-10 08:21:00,6.3,,"Routine (i.e., repetitive)",TARL,2015-04-10
199-H4-84,2015-04-10 08:21:00,6.4,,"Routine (i.e., repetitive)",TARL,2015-04-10
199-H4-84,2015-06-26 11:48:00,6.4,,"Routine (i.e., repetitive)",TARL,2015-06-26
199-H4-84,2015-11-19 13:28:00,12.0,,"Routine (i.e., repetitive)",TARL,2015-11-19
199-H4-84,2015-11-19 13:28:00,13.0,,"Routine (i.e., repetitive)",TARL,2015-11-19
199-H4-84,2016-02-03 12:59:00,11.0,,"Routine (i.e., repetitive)",TARL,2016-02-03
199-H4-84,2016-02-03 12:59:00,14.0,,"Routine (i.e., repetitive)",TARL,2016-02-03
199-H4-84,2016-05-10 09:30:00,30.0,,"Routine (i.e., repetitive)",TARL,2016-05-10
199-H4-84,2016-05-10 09:30:00,37.0,,"Routine (i.e., repetitive)",TARL,2016-05-10
199-H4-84,2016-08-05 08:38:00,83.0,,"Routine (i.e., repetitive)",TARL,2016-08-05
199-H4-84,2016-08-05 08:38:00,83.0,,"Routine (i.e., repetitive)",TARL,2016-08-05
199-H4-84,2016-10-11 12:01:00,22.0,,"Routine (i.e., repetitive)",TARL,2016-10-11
199-H4-84,2016-11-15 10:46:00,43.0,,"Routine (i.e., repetitive)",TARL,2016-11-15
199-H4-84,2016-11-15 10:46:00,41.0,,"Routine (i.e., repetitive)",TARL,2016-11-15
199-H4-84,2017-02-08 08:07:00,31.0,,"Routine (i.e., repetitive)",TARL,2017-02-08
199-H4-84,2017-02-08 08:07:00,32.0,,"Routine (i.e., repetitive)",TARL,2017-02-08
199-H4-84,2017-03-10 09:04:00,34.0,A,"Routine (i.e., repetitive)",TARL,2017-03-10
199-H4-84,2017-03-10 09:04:00,37.0,A,"Routine (i.e., repetitive)",TARL,2017-03-10
199-H4-84,2017-04-04 09:58:00,130.0,,"Routine (i.e., repetitive)",TARL,2017-04-04
199-H4-84,2017-04-04 09:58:00,130.0,,"Routine (i.e., repetitive)",TARL,2017-04-04
199-H4-84,2017-05-03 10:10:00,6.5,,"Routine (i.e., repetitive)",TARL,2017-05-03
199-H4-84,2017-05-03 10:10:00,7.2,,"Routine (i.e., repetitive)",TARL,2017-05-03
199-H4-84,2017-06-07 09:39:00,5.6,,"Routine (i.e., repetitive)",TARL,2017-06-07
199-H4-84,2017-06-07 09:39:00,6.0,,"Routine (i.e., repetitive)",TARL,2017-06-07
199-H4-84,2017-06-07 09:39:00,6.5,,"Routine (i.e., repetitive)",TARL,2017-06-07
199-H4-84,2017-06-07 09:39:00,6.5,,"Routine (i.e., repetitive)",TARL,2017-06-07
199-H4-84,2017-07-05 08:47:00,110.0,,"Routine (i.e., repetitive)",TARL,2017-07-05
199-H4-84,2017-07-05 08:47:00,110.0,,"Routine (i.e., repetitive)",TARL,2017-07-05
199-H4-84,2017-08-29 11:37:00,21.0,,"Routine (i.e., repetitive)",TARL,2017-08-29
199-H4-84,2017-08-29 11:37:00,21.0,,"Routine (i.e., repetitive)",TARL,2017-08-29
199-H4-84,2017-09-29 11:42:00,11.0,,"Routine (i.e., repetitive)",TARL,2017-09-29
199-H4-84,2017-09-29 11:42:00,12.0,,"Routine (i.e., repetitive)",TARL,2017-09-29
199-H4-84,2017-10-20 09:22:00,1.5,,"Routine (i.e., repetitive)",TARL,2017-10-20
199-H4-84,2017-10-20 09:22:00,2.7,,"Routine (i.e., repetitive)",TARL,2017-10-20
199-H4-84,2017-11-10 10:46:00,2.0,,"Routine (i.e., repetitive)",TARL,2017-11-10
199-H4-84,2017-11-10 10:46:00,1.5,,"Routine (i.e., repetitive)",TARL,2017-11-10
199-H4-84,2017-12-14 10:45:00,23.0,,"Routine (i.e., repetitive)",TARL,2017-12-14
199-H4-84,2017-12-14 10:45:00,28.0,,"Routine (i.e., repetitive)",TARL,2017-12-14
199-H4-84,2018-01-10 13:47:00,50.0,,"Routine (i.e., repetitive)",TARL,2018-01-10
199-H4-84,2018-01-10 13:47:00,52.0,,"Routine (i.e., repetitive)",TARL,2018-01-10
199-H4-84,2018-01-10 13:47:00,55.0,,"Routine (i.e., repetitive)",TARL,2018-01-10
199-H4-84,2018-01-10 13:47:00,57.0,,"Routine (i.e., repetitive)",TARL,2018-01-10
199-H4-84,2018-02-12 12:16:00,86.0,,"Routine (i.e., repetitive)",TARL,2018-02-12
199-H4-84,2018-02-12 12:16:00,85.0,,"Routine (i.e., repetitive)",TARL,2018-02-12
199-H4-84,2018-03-20 10:36:00,28.0,,"Routine (i.e., repetitive)",TARL,2018-03-20
199-H4-84,2018-03-20 10:36:00,28.0,,"Routine (i.e., repetitive)",TARL,2018-03-20
199-H4-84,2018-04-26 10:48:00,22.0,,"Routine (i.e., repetitive)",TARL,2018-04-26
199-H4-84,2018-04-26 10:48:00,24.0,,"Routine (i.e., repetitive)",TARL,2018-04-26
199-H4-84,2018-05-17 10:05:00,6.0,,"Routine (i.e., repetitive)",TARL,2018-05-17
199-H4-84,2018-05-17 10:05:00,6.0,,"Routine (i.e., repetitive)",TARL,2018-05-17
199-H4-84,2018-06-20 09:27:00,49.0,,"Routine (i.e., repetitive)",TARL,2018-06-20
199-H4-84,2018-06-20 09:27:00,44.0,,"Routine (i.e., repetitive)",TARL,2018-06-20
199-H4-84,2018-07-26 08:23:00,31.0,,"Routine (i.e., repetitive)",TARL,2018-07-26
199-H4-84,2018-07-26 08:23:00,33.0,,"Routine (i.e., repetitive)",TARL,2018-07-26
199-H4-84,2018-08-16 09:45:00,23.0,,"Routine (i.e., repetitive)",TARL,2018-08-16
199-H4-84,2018-08-16 09:45:00,22.0,,"Routine (i.e., repetitive)",TARL,2018-08-16
199-H4-84,2018-09-12 10:34:00,12.0,,"Routine (i.e., repetitive)",TARL,2018-09-12
199-H4-84,2018-09-12 10:34:00,11.0,,"Routine (i.e., repetitive)",TARL,2018-09-12
199-H4-84,2018-11-13 11:39:00,18.0,,"Routine (i.e., repetitive)",TARL,2018-11-13
199-H4-84,2018-11-13 11:39:00,20.0,,"Routine (i.e., repetitive)",TARL,2018-11-13
199-H4-84,2019-03-07 11:13:00,14.0,,"Routine (i.e., repetitive)",TASL,2019-03-07
199-H4-84,2019-03-07 11:13:00,26.5,,"Routine (i.e., repetitive)",GEL,2019-03-07
199-H4-84,2019-05-01 09:50:00,29.3,,"Routine (i.e., repetitive)",GEL,2019-05-01
199-H4-84,2019-08-05 09:11:00,44.9,H,"Routine (i.e., repetitive)",GEL,2019-08-05
199-H4-84,2020-02-24 11:30:00,35.1,,"Routine (i.e., repetitive)",GEL,2020-02-24
199-H4-84,2020-06-17 08:31:00,72.5,H,"Routine (i.e., repetitive)",GEL,2020-06-17
199-H4-84,2020-08-19 08:03:00,43.1,H,"Routine (i.e., repetitive)",GEL,2020-08-19
199-H4-84,2021-02-22 10:45:00,13.99,,"Routine (i.e., repetitive)",RJ LEE,2021-02-22
199-H4-84,2021-06-08 09:30:00,10.8,,"Routine (i.e., repetitive)",RJ LEE,2021-06-08
199-H4-85,2014-02-21 11:20:00,19.5,,"Routine (i.e., repetitive)",WSCF,2014-02-21
199-H4-85,2014-02-21 11:20:00,19.8,,"Routine (i.e., repetitive)",WSCF,2014-02-21
199-H4-85,2015-02-26 09:50:00,21.4,,"Routine (i.e., repetitive)",TARL,2015-02-26
199-H4-85,2015-02-26 09:50:00,20.2,,"Routine (i.e., repetitive)",TARL,2015-02-26
199-H4-85,2015-05-19 08:21:00,18.7,,"Routine (i.e., repetitive)",TARL,2015-05-19
199-H4-85,2015-05-19 08:21:00,20.4,,"Routine (i.e., repetitive)",TARL,2015-05-19
199-H4-85,2015-08-14 08:40:00,19.0,,"Routine (i.e., repetitive)",TARL,2015-08-14
199-H4-85,2015-08-14 08:40:00,19.0,,"Routine (i.e., repetitive)",TARL,2015-08-14
199-H4-85,2015-08-14 08:40:00,19.0,,"Routine (i.e., repetitive)",TARL,2015-08-14
199-H4-85,2015-08-14 08:40:00,19.0,,"Routine (i.e., repetitive)",TARL,2015-08-14
199-H4-85,2015-11-19 14:10:00,23.0,H,"Routine (i.e., repetitive)",TARL,2015-11-19
199-H4-85,2015-11-19 14:10:00,11.0,H,"Routine (i.e., repetitive)",TARL,2015-11-19
199-H4-85,2016-02-10 09:09:00,14.0,,"Routine (i.e., repetitive)",TARL,2016-02-10
199-H4-85,2016-02-10 09:09:00,15.0,,"Routine (i.e., repetitive)",TARL,2016-02-10
199-H4-85,2016-05-22 12:16:00,5.6,,"Routine (i.e., repetitive)",TARL,2016-05-22
199-H4-85,2016-05-22 12:16:00,5.9,,"Routine (i.e., repetitive)",TARL,2016-05-22
199-H4-85,2016-10-07 09:35:00,9.1,,"Routine (i.e., repetitive)",TARL,2016-10-07
199-H4-85,2016-10-07 09:35:00,8.7,,"Routine (i.e., repetitive)",TARL,2016-10-07
199-H4-85,2016-11-20 10:28:00,3.8,H,"Routine (i.e., repetitive)",TARL,2016-11-20
199-H4-85,2016-11-20 10:28:00,4.5,H,"Routine (i.e., repetitive)",TARL,2016-11-20
199-H4-85,2017-02-14 10:19:00,3.3,,"Routine (i.e., repetitive)",TARL,2017-02-14
199-H4-85,2017-02-14 10:19:00,3.1,,"Routine (i.e., repetitive)",TARL,2017-02-14
199-H4-85,2017-05-25 08:53:00,1.7,,"Routine (i.e., repetitive)",TARL,2017-05-25
199-H4-85,2017-05-25 08:53:00,2.0,,"Routine (i.e., repetitive)",TARL,2017-05-25
199-H4-85,2018-02-12 12:50:00,4.2,,"Routine (i.e., repetitive)",TARL,2018-02-12
199-H4-85,2018-02-12 12:50:00,4.5,,"Routine (i.e., repetitive)",TARL,2018-02-12
199-H4-85,2018-05-17 10:50:00,1.5,,"Routine (i.e., repetitive)",TARL,2018-05-17
199-H4-85,2018-05-17 10:50:00,1.9,,"Routine (i.e., repetitive)",TARL,2018-05-17
199-H4-85,2018-11-13 12:17:00,6.4,,"Routine (i.e., repetitive)",TARL,2018-11-13
199-H4-85,2018-11-13 12:17:00,6.6,,"Routine (i.e., repetitive)",TARL,2018-11-13
199-H4-85,2019-03-07 11:44:00,5.0,,"Routine (i.e., repetitive)",TASL,2019-03-07
199-H4-85,2019-03-07 11:44:00,2.15,,"Routine (i.e., repetitive)",GEL,2019-03-07
199-H4-85,2019-05-01 08:18:00,1.7,,"Routine (i.e., repetitive)",GEL,2019-05-01
199-H4-85,2019-08-06 11:15:00,2.58,,"Routine (i.e., repetitive)",GEL,2019-08-06
199-H4-85,2019-12-30 09:16:00,3.65,H,"Routine (i.e., repetitive)",GEL,2019-12-30
199-H4-85,2020-02-24 10:13:00,4.09,H,"Routine (i.e., repetitive)",GEL,2020-02-24
199-H4-85,2020-06-17 09:38:00,2.08,,"Routine (i.e., repetitive)",GEL,2020-06-17
199-H4-85,2020-08-19 10:37:00,2.85,,"Routine (i.e., repetitive)",GEL,2020-08-19
199-H4-85,2020-12-29 11:51:00,2.5,,"Routine (i.e., repetitive)",RJ LEE,2020-12-29
199-H4-85,2021-02-09 08:28:00,3.1,,"Routine (i.e., repetitive)",GEL,2021-02-09
199-H4-85,2021-06-08 11:09:00,3.07,,"Routine (i.e., repetitive)",RJ LEE,2021-06-08
199-H4-85,2021-09-16 08:05:00,3.18,,"Routine (i.e., repetitive)",RJ LEE,2021-09-16
199-H4-86,2014-02-21 12:14:00,41.2,,"Routine (i.e., repetitive)",WSCF,2014-02-21
199-H4-86,2014-05-12 10:40:00,8.0,,"Routine (i.e., repetitive)",TARL,2014-05-12
199-H4-86,2015-02-26 08:56:00,2.5,,"Routine (i.e., repetitive)",TARL,2015-02-26
199-H4-86,2015-02-26 08:56:00,3.2,,"Routine (i.e., repetitive)",TARL,2015-02-26
199-H4-86,2015-05-07 11:44:00,38.7,,"Routine (i.e., repetitive)",TARL,2015-05-07
199-H4-86,2015-05-07 11:44:00,38.8,,"Routine (i.e., repetitive)",TARL,2015-05-07
199-H4-86,2015-08-03 09:00:00,17.0,,In Process,FIELD,2015-08-03
199-H4-86,2015-08-27 09:28:00,14.0,,"Routine (i.e., repetitive)",TARL,2015-08-27
199-H4-86,2015-08-27 09:28:00,14.0,,"Routine (i.e., repetitive)",TARL,2015-08-27
199-H4-86,2015-09-08 08:30:00,13.0,,In Process,FIELD,2015-09-08
199-H4-86,2015-10-05 08:30:00,21.0,,In Process,FIELD,2015-10-05
199-H4-86,2015-11-02 09:00:00,5.0,,In Process,FIELD,2015-11-02
199-H4-86,2015-11-11 12:46:00,7.7,H,"Routine (i.e., repetitive)",TARL,2015-11-11
199-H4-86,2015-11-11 12:46:00,7.9,H,"Routine (i.e., repetitive)",TARL,2015-11-11
199-H4-86,2015-12-01 08:30:00,5.0,,In Process,FIELD,2015-12-01
199-H4-86,2016-01-04 08:00:00,5.0,,In Process,FIELD,2016-01-04
199-H4-86,2016-02-01 07:45:00,5.0,,In Process,FIELD,2016-02-01
199-H4-86,2016-02-24 09:46:00,5.6,,"Routine (i.e., repetitive)",TARL,2016-02-24
199-H4-86,2016-02-24 09:46:00,5.6,,"Routine (i.e., repetitive)",TARL,2016-02-24
199-H4-86,2016-03-01 08:30:00,6.0,,In Process,FIELD,2016-03-01
199-H4-86,2016-04-05 09:30:00,13.0,,In Process,FIELD,2016-04-05
199-H4-86,2016-05-02 09:00:00,4.0,,In Process,FIELD,2016-05-02
199-H4-86,2016-05-11 09:56:00,6.0,,"Routine (i.e., repetitive)",TARL,2016-05-11
199-H4-86,2016-05-11 09:56:00,5.3,,"Routine (i.e., repetitive)",TARL,2016-05-11
199-H4-86,2016-06-13 09:30:00,9.0,,In Process,FIELD,2016-06-13
199-H4-86,2016-07-05 08:00:00,16.0,,In Process,FIELD,2016-07-05
199-H4-86,2016-08-01 09:00:00,13.0,,In Process,FIELD,2016-08-01
199-H4-86,2016-08-18 10:30:00,9.4,,"Routine (i.e., repetitive)",TARL,2016-08-18
199-H4-86,2016-08-18 10:30:00,9.6,,"Routine (i.e., repetitive)",TARL,2016-08-18
199-H4-86,2016-09-07 07:30:00,15.0,,In Process,FIELD,2016-09-07
199-H4-86,2016-10-03 08:00:00,10.0,,In Process,FIELD,2016-10-03
199-H4-86,2016-11-01 09:30:00,9.0,,In Process,FIELD,2016-11-01
199-H4-86,2016-11-10 09:15:00,10.0,,"Routine (i.e., repetitive)",TARL,2016-11-10
199-H4-86,2016-11-10 09:15:00,11.0,,"Routine (i.e., repetitive)",TARL,2016-11-10
199-H4-86,2016-12-07 09:30:00,10.0,,In Process,FIELD,2016-12-07
199-H4-86,2017-01-04 09:00:00,12.0,,In Process,FIELD,2017-01-04
199-H4-86,2017-02-01 09:00:00,8.0,,In Process,FIELD,2017-02-01
199-H4-86,2017-02-02 12:23:00,8.9,,"Routine (i.e., repetitive)",TARL,2017-02-02
199-H4-86,2017-02-02 12:23:00,8.6,,"Routine (i.e., repetitive)",TARL,2017-02-02
199-H4-86,2017-03-01 08:30:00,9.0,,In Process,FIELD,2017-03-01
199-H4-86,2017-04-04 09:30:00,12.0,,In Process,FIELD,2017-04-04
199-H4-86,2017-05-01 12:30:00,11.0,,In Process,FIELD,2017-05-01
199-H4-86,2017-05-03 08:28:00,11.0,,"Routine (i.e., repetitive)",TARL,2017-05-03
199-H4-86,2017-05-03 08:28:00,11.0,,"Routine (i.e., repetitive)",TARL,2017-05-03
199-H4-86,2017-06-07 09:00:00,14.0,,In Process,FIELD,2017-06-07
199-H4-86,2017-07-06 08:00:00,38.0,,In Process,FIELD,2017-07-06
199-H4-86,2017-08-01 13:45:00,48.0,,In Process,FIELD,2017-08-01
199-H4-86,2017-10-03 13:30:00,18.0,,In Process,FIELD,2017-10-03
199-H4-86,2017-10-17 09:42:00,20.0,,"Routine (i.e., repetitive)",TARL,2017-10-17
199-H4-86,2017-10-17 09:42:00,20.0,,"Routine (i.e., repetitive)",TARL,2017-10-17
199-H4-86,2017-11-02 08:00:00,6.0,,In Process,FIELD,2017-11-02
199-H4-86,2017-11-14 10:30:00,17.0,,"Routine (i.e., repetitive)",TARL,2017-11-14
199-H4-86,2017-11-14 10:30:00,17.0,,"Routine (i.e., repetitive)",TARL,2017-11-14
199-H4-86,2017-12-04 13:00:00,12.0,,In Process,FIELD,2017-12-04
199-H4-86,2018-01-03 08:30:00,11.0,,In Process,FIELD,2018-01-03
199-H4-86,2018-02-01 08:00:00,14.0,,In Process,FIELD,2018-02-01
199-H4-86,2018-02-06 07:55:00,10.0,,"Routine (i.e., repetitive)",TARL,2018-02-06
199-H4-86,2018-02-06 07:55:00,10.0,,"Routine (i.e., repetitive)",TARL,2018-02-06
199-H4-86,2018-03-06 08:45:00,7.0,,In Process,FIELD,2018-03-06
199-H4-86,2018-04-04 08:10:00,11.0,,In Process,FIELD,2018-04-04
199-H4-86,2018-05-07 08:10:00,10.0,,In Process,FIELD,2018-05-07
199-H4-86,2018-05-17 09:24:00,7.8,,"Routine (i.e., repetitive)",TARL,2018-05-17
199-H4-86,2018-05-17 09:24:00,7.1,,"Routine (i.e., repetitive)",TARL,2018-05-17
199-H4-86,2018-06-06 10:00:00,13.0,,In Process,FIELD,2018-06-06
199-H4-86,2018-07-10 11:00:00,14.0,,In Process,FIELD,2018-07-10
199-H4-86,2018-08-01 09:55:00,15.0,,"Routine (i.e., repetitive)",TARL,2018-08-01
199-H4-86,2018-08-01 09:55:00,14.0,,"Routine (i.e., repetitive)",TARL,2018-08-01
199-H4-86,2018-08-13 12:30:00,9.0,,In Process,FIELD,2018-08-13
199-H4-86,2018-09-05 09:00:00,16.0,,In Process,FIELD,2018-09-05
199-H4-86,2018-10-01 09:25:00,16.0,,In Process,FIELD,2018-10-01
199-H4-86,2018-10-22 09:46:00,8.8,,"Routine (i.e., repetitive)",TARL,2018-10-22
199-H4-86,2018-10-22 09:46:00,7.3,,"Routine (i.e., repetitive)",TARL,2018-10-22
199-H4-86,2018-11-06 12:00:00,13.0,,In Process,FIELD,2018-11-06
199-H4-86,2018-12-12 08:00:00,9.0,,In Process,FIELD,2018-12-12
199-H4-86,2019-01-02 14:15:00,7.0,,In Process,FIELD,2019-01-02
199-H4-86,2019-01-29 08:37:00,6.4,,"Routine (i.e., repetitive)",TARL,2019-01-29
199-H4-86,2019-01-29 08:37:00,6.3,,"Routine (i.e., repetitive)",TARL,2019-01-29
199-H4-86,2019-02-27 09:44:00,2.0,,In Process,FIELD,2019-02-27
199-H4-86,2019-03-11 13:50:00,7.0,,In Process,FIELD,2019-03-11
199-H4-86,2019-04-17 13:06:00,5.0,,In Process,FIELD,2019-04-17
199-H4-86,2019-05-20 09:03:00,5.0,,In Process,FIELD,2019-05-20
199-H4-86,2019-05-22 09:49:00,6.26,H,"Routine (i.e., repetitive)",GEL,2019-05-22
199-H4-86,2019-06-12 13:30:00,5.0,,In Process,FIELD,2019-06-12
199-H4-86,2019-07-11 09:00:00,5.0,,In Process,FIELD,2019-07-11
199-H4-86,2020-03-12 09:30:00,3.72,,"Routine (i.e., repetitive)",GEL,2020-03-12
199-H4-86,2020-07-23 10:30:00,1.0,,In Process,FIELD,2020-07-23
199-H4-86,2020-08-11 08:39:00,6.72,H,"Routine (i.e., repetitive)",GEL,2020-08-11
199-H4-86,2020-08-18 09:15:00,8.0,,In Process,FIELD,2020-08-18
199-H4-86,2020-09-22 07:30:00,5.0,,In Process,FIELD,2020-09-22
199-H4-86,2020-10-20 08:30:00,10.0,,In Process,FIELD,2020-10-20
199-H4-86,2020-10-27 08:33:00,5.55,H,"Routine (i.e., repetitive)",GEL,2020-10-27
199-H4-86,2020-11-17 09:00:00,13.0,,In Process,FIELD,2020-11-17
199-H4-86,2021-01-27 09:00:00,7.0,,In Process,FIELD,2021-01-27
199-H4-86,2021-02-25 08:30:00,7.0,,In Process,FIELD,2021-02-25
199-H4-86,2021-03-16 07:30:00,4.0,,In Process,FIELD,2021-03-16
199-H4-86,2021-03-22 09:20:00,3.7,H,"Routine (i.e., repetitive)",GEL,2021-03-22
199-H4-86,2021-04-05 01:38:00,6.0,,In Process,FIELD,2021-04-05
199-H4-86,2021-05-05 10:15:00,5.82,,"Routine (i.e., repetitive)",GEL,2021-05-05
199-H4-86,2021-05-12 10:00:00,0.0,,In Process,FIELD,2021-05-12
199-H4-86,2021-06-28 08:47:00,9.0,,In Process,FIELD,2021-06-28
199-H4-86,2021-07-07 09:52:00,10.0,,In Process,FIELD,2021-07-07
199-H4-86,2021-08-24 09:30:00,4.26,,"Routine (i.e., repetitive)",RJ LEE,2021-08-24
199-H4-88,2016-06-01 09:20:00,7.3,,"Routine (i.e., repetitive)",TARL,2016-06-01
199-H4-88,2016-06-01 09:20:00,8.4,,"Routine (i.e., repetitive)",TARL,2016-06-01
199-H4-88,2016-06-13 10:02:00,8.7,,"Routine (i.e., repetitive)",TARL,2016-06-13
199-H4-88,2016-06-13 10:02:00,8.8,,"Routine (i.e., repetitive)",TARL,2016-06-13
199-H4-88,2016-07-24 14:10:00,11.0,,"Routine (i.e., repetitive)",TARL,2016-07-24
199-H4-88,2016-10-11 13:46:00,1.5,,"Routine (i.e., repetitive)",TARL,2016-10-11
199-H4-88,2016-10-11 13:46:00,2.3,,"Routine (i.e., repetitive)",TARL,2016-10-11
199-H4-88,2016-11-22 08:25:00,6.6,,"Routine (i.e., repetitive)",TARL,2016-11-22
199-H4-88,2016-11-22 08:25:00,9.3,,"Routine (i.e., repetitive)",TARL,2016-11-22
199-H4-88,2016-12-07 09:18:00,8.7,,"Routine (i.e., repetitive)",TARL,2016-12-07
199-H4-88,2016-12-07 09:18:00,9.3,,"Routine (i.e., repetitive)",TARL,2016-12-07
199-H4-88,2017-01-29 09:50:00,9.1,H,"Routine (i.e., repetitive)",TARL,2017-01-29
199-H4-88,2017-01-29 09:50:00,8.9,H,"Routine (i.e., repetitive)",TARL,2017-01-29
199-H4-88,2017-02-21 09:56:00,4.7,,"Routine (i.e., repetitive)",TARL,2017-02-21
199-H4-88,2017-02-21 09:56:00,4.7,,"Routine (i.e., repetitive)",TARL,2017-02-21
199-H4-88,2017-03-10 09:42:00,13.0,,"Routine (i.e., repetitive)",TARL,2017-03-10
199-H4-88,2017-03-10 09:42:00,13.0,,"Routine (i.e., repetitive)",TARL,2017-03-10
199-H4-88,2017-04-04 09:10:00,8.7,,"Routine (i.e., repetitive)",TARL,2017-04-04
199-H4-88,2017-04-04 09:10:00,9.0,,"Routine (i.e., repetitive)",TARL,2017-04-04
199-H4-88,2017-05-03 11:02:00,36.0,,"Routine (i.e., repetitive)",TARL,2017-05-03
199-H4-88,2017-05-03 11:02:00,39.0,,"Routine (i.e., repetitive)",TARL,2017-05-03
199-H4-88,2017-06-07 09:00:00,32.0,,"Routine (i.e., repetitive)",TARL,2017-06-07
199-H4-88,2017-06-07 09:00:00,33.0,,"Routine (i.e., repetitive)",TARL,2017-06-07
199-H4-88,2017-07-05 09:35:00,22.0,,"Routine (i.e., repetitive)",TARL,2017-07-05
199-H4-88,2017-07-05 09:35:00,23.0,,"Routine (i.e., repetitive)",TARL,2017-07-05
199-H4-88,2017-08-29 09:27:00,19.0,,"Routine (i.e., repetitive)",TARL,2017-08-29
199-H4-88,2017-08-29 09:27:00,20.0,,"Routine (i.e., repetitive)",TARL,2017-08-29
199-H4-88,2017-09-29 10:52:00,16.0,,"Routine (i.e., repetitive)",TARL,2017-09-29
199-H4-88,2017-09-29 10:52:00,16.0,,"Routine (i.e., repetitive)",TARL,2017-09-29
199-H4-88,2017-10-20 08:35:00,12.0,,"Routine (i.e., repetitive)",TARL,2017-10-20
199-H4-88,2017-10-20 08:35:00,14.0,,"Routine (i.e., repetitive)",TARL,2017-10-20
199-H4-88,2017-11-10 09:37:00,9.9,,"Routine (i.e., repetitive)",TARL,2017-11-10
199-H4-88,2017-11-10 09:37:00,9.4,,"Routine (i.e., repetitive)",TARL,2017-11-10
199-H4-88,2017-12-14 09:03:00,8.9,,"Routine (i.e., repetitive)",TARL,2017-12-14
199-H4-88,2017-12-14 09:03:00,9.9,,"Routine (i.e., repetitive)",TARL,2017-12-14
199-H4-88,2018-01-10 11:55:00,6.6,,"Routine (i.e., repetitive)",TARL,2018-01-10
199-H4-88,2018-01-10 11:55:00,7.8,,"Routine (i.e., repetitive)",TARL,2018-01-10
199-H4-88,2018-02-12 10:20:00,26.0,,"Routine (i.e., repetitive)",TARL,2018-02-12
199-H4-88,2018-02-12 10:20:00,27.0,,"Routine (i.e., repetitive)",TARL,2018-02-12
199-H4-88,2018-03-20 11:36:00,6.1,,"Routine (i.e., repetitive)",TARL,2018-03-20
199-H4-88,2018-03-20 11:36:00,5.6,,"Routine (i.e., repetitive)",TARL,2018-03-20
199-H4-88,2018-04-26 10:13:00,20.0,,"Routine (i.e., repetitive)",TARL,2018-04-26
199-H4-88,2018-04-26 10:13:00,19.0,,"Routine (i.e., repetitive)",TARL,2018-04-26
199-H4-88,2018-05-17 09:33:00,33.0,,"Routine (i.e., repetitive)",TARL,2018-05-17
199-H4-88,2018-05-17 09:33:00,33.0,,"Routine (i.e., repetitive)",TARL,2018-05-17
199-H4-88,2018-06-20 08:43:00,14.0,,"Routine (i.e., repetitive)",TARL,2018-06-20
199-H4-88,2018-06-20 08:43:00,13.0,,"Routine (i.e., repetitive)",TARL,2018-06-20
199-H4-88,2018-07-23 09:36:00,16.0,,"Routine (i.e., repetitive)",TARL,2018-07-23
199-H4-88,2018-07-23 09:36:00,16.0,,"Routine (i.e., repetitive)",TARL,2018-07-23
199-H4-88,2018-08-16 09:10:00,15.0,,"Routine (i.e., repetitive)",TARL,2018-08-16
199-H4-88,2018-08-16 09:10:00,15.0,,"Routine (i.e., repetitive)",TARL,2018-08-16
199-H4-88,2018-09-12 09:58:00,12.0,,"Routine (i.e., repetitive)",TARL,2018-09-12
199-H4-88,2018-09-12 09:58:00,12.0,,"Routine (i.e., repetitive)",TARL,2018-09-12
199-H4-88,2018-11-13 10:35:00,8.2,,"Routine (i.e., repetitive)",TARL,2018-11-13
199-H4-88,2018-11-13 10:35:00,12.0,,"Routine (i.e., repetitive)",TARL,2018-11-13
199-H4-88,2019-03-07 09:31:00,7.3,H,"Routine (i.e., repetitive)",TASL,2019-03-07
199-H4-88,2019-03-07 09:31:00,13.5,,"Routine (i.e., repetitive)",GEL,2019-03-07
199-H4-88,2019-05-01 10:30:00,9.11,,"Routine (i.e., repetitive)",GEL,2019-05-01
199-H4-88,2019-05-01 10:30:00,9.35,,"Routine (i.e., repetitive)",GEL,2019-05-01
199-H4-88,2019-08-05 10:11:00,7.83,H,"Routine (i.e., repetitive)",GEL,2019-08-05
199-H4-88,2019-11-08 08:30:00,9.87,H,"Routine (i.e., repetitive)",GEL,2019-11-08
199-H4-88,2020-02-25 10:50:00,5.21,,"Routine (i.e., repetitive)",GEL,2020-02-25
199-H4-88,2020-06-17 07:50:00,8.15,H,"Routine (i.e., repetitive)",GEL,2020-06-17
199-H4-88,2020-08-19 08:54:00,4.56,H,"Routine (i.e., repetitive)",GEL,2020-08-19
199-H4-88,2020-12-29 08:36:00,8.22,,"Routine (i.e., repetitive)",RJ LEE,2020-12-29
199-H4-88,2021-02-22 11:36:00,5.15,,"Routine (i.e., repetitive)",RJ LEE,2021-02-22
199-H4-88,2021-02-22 11:36:00,4.85,,"Routine (i.e., repetitive)",RJ LEE,2021-02-22
199-H4-88,2021-06-08 10:17:00,6.35,,"Routine (i.e., repetitive)",RJ LEE,2021-06-08
199-H4-88,2021-06-08 10:17:00,6.21,,"Routine (i.e., repetitive)",RJ LEE,2021-06-08
199-H4-88,2021-09-16 12:01:00,4.18,,"Routine (i.e., repetitive)",RJ LEE,2021-09-16
199-H4-89,2016-11-22 09:23:00,1.5,,"Routine (i.e., repetitive)",TARL,2016-11-22
199-H4-89,2016-11-22 09:23:00,1.5,,"Routine (i.e., repetitive)",TARL,2016-11-22
199-H4-89,2017-05-25 10:22:00,2.4,,"Routine (i.e., repetitive)",TARL,2017-05-25
199-H4-89,2017-05-25 10:22:00,2.9,,"Routine (i.e., repetitive)",TARL,2017-05-25
199-H4-89,2017-11-10 12:30:00,1.5,,"Routine (i.e., repetitive)",TARL,2017-11-10
199-H4-89,2017-11-10 12:30:00,1.5,,"Routine (i.e., repetitive)",TARL,2017-11-10
199-H4-89,2018-11-13 09:49:00,2.2,,"Routine (i.e., repetitive)",TARL,2018-11-13
199-H4-89,2018-11-13 09:49:00,3.4,,"Routine (i.e., repetitive)",TARL,2018-11-13
199-H4-89,2019-03-07 10:09:00,2.6,H,"Routine (i.e., repetitive)",TASL,2019-03-07
199-H4-89,2019-03-07 10:09:00,1.65,,"Routine (i.e., repetitive)",GEL,2019-03-07
199-H4-89,2019-05-02 08:57:00,4.35,,"Routine (i.e., repetitive)",GEL,2019-05-02
199-H4-89,2019-08-05 11:28:00,3.42,H,"Routine (i.e., repetitive)",GEL,2019-08-05
199-H4-89,2020-02-25 09:40:00,2.4,,"Routine (i.e., repetitive)",GEL,2020-02-25
199-H4-89,2020-06-17 09:06:00,1.82,,"Routine (i.e., repetitive)",GEL,2020-06-17
199-H4-89,2020-08-19 09:45:00,2.69,,"Routine (i.e., repetitive)",GEL,2020-08-19
199-H4-89,2021-02-18 12:00:00,3.57,,"Routine (i.e., repetitive)",RJ LEE,2021-02-18
199-H4-89,2021-06-08 08:55:00,2.51,,"Routine (i.e., repetitive)",RJ LEE,2021-06-08
199-H4-89,2021-06-08 08:55:00,2.5,,"Routine (i.e., repetitive)",RJ LEE,2021-06-08
199-H4-89,2021-09-16 09:00:00,3.4,,"Routine (i.e., repetitive)",RJ LEE,2021-09-16
